{"train":{"mae":0.6313869905,"r2":0.1334391342,"rmse":0.7525307989}}